Image,Structure
FlushDoor (2).png,flush
FlushDoor (3).png,flush
FlushDoor (5).png,flush
FlushDoor (8).png,flush
FlushDoor (9).png,flush
FlushDoor (11).png,flush
FlushDoor (13).png,flush
FlushDoor (14).png,flush
FlushDoor (15).png,flush
FlushDoor (16).png,flush
FlushDoor (17).png,flush
FlushDoor (18).png,flush
FlushDoor (20).png,flush
FlushDoor (23).png,flush
FlushDoor (24).png,flush
FlushDoor (25).png,flush
FlushDoor (29).png,flush
FlushDoor (30).png,flush
FlushDoor (37).png,flush
FlushDoor (40).png,flush
FlushDoor (41).png,flush
FlushDoor (44).png,flush
FlushDoor (45).png,flush
FlushDoor (46).png,flush
FlushDoor (47).png,flush
FlushDoor (48).png,flush
FlushDoor (50).png,flush
FlushDoor (51).png,flush
FlushDoor (52).png,flush
FlushDoor (53).png,flush
FlushDoor (57).png,flush
FlushDoor (61).png,flush
FlushDoor (62).png,flush
FlushDoor (63).png,flush
FlushDoor (64).png,flush
FlushDoor (65).png,flush
FlushDoor (67).png,flush
FlushDoor (72).png,flush
FlushDoor (75).png,flush
FlushDoor (76).png,flush
FlushDoor (79).png,flush
FlushDoor (91).png,flush
FlushDoor (97).png,flush
FlushDoor (99).png,flush
FlushDoor (100).png,flush
FlushDoor (103).png,flush
FlushDoor (104).png,flush
FlushDoor (106).png,flush
FlushDoor (107).png,flush
FlushDoor (108).png,flush
FlushDoor (111).png,flush
FlushDoor (112).png,flush
FlushDoor (113).png,flush
FlushDoor (115).png,flush
FlushDoor (116).png,flush
FlushDoor (118).png,flush
FlushDoor (120).png,flush
FlushDoor (122).png,flush
FlushDoor (125).png,flush
FlushDoor (127).png,flush
FlushDoor (128).png,flush
FlushDoor (129).png,flush
FlushDoor (130).png,flush
FlushDoor (131).png,flush
FlushDoor (132).png,flush
FlushDoor (134).png,flush
FlushDoor (136).png,flush
FlushDoor (139).png,flush
FlushDoor (141).png,flush
FlushDoor (143).png,flush
FlushDoor (147).png,flush
FlushDoor (148).png,flush
FlushDoor (149).png,flush
FlushDoor (153).png,flush
FlushDoor (158).png,flush
FlushDoor (159).png,flush
FlushDoor (160).png,flush
FlushDoor (161).png,flush
FlushDoor (162).png,flush
FlushDoor (163).png,flush
FlushDoor (168).png,flush
FlushDoor (169).png,flush
FlushDoor (171).png,flush
FlushDoor (172).png,flush
FlushDoor (173).png,flush
FlushDoor (182).png,flush
FlushDoor (183).png,flush
FlushDoor (186).png,flush
FlushDoor (190).png,flush
FlushDoor (193).png,flush
FlushDoor (194).png,flush
FlushDoor (195).png,flush
FlushDoor (196).png,flush
FlushDoor (197).png,flush
FlushDoor (198).png,flush
FlushDoor (199).png,flush
FlushDoor (200).png,flush
FlushDoor (201).png,flush
FlushDoor (205).png,flush
FlushDoor (208).png,flush
FlushDoor (209).png,flush
FlushDoor (210).png,flush
FlushDoor (212).png,flush
FlushDoor (214).png,flush
FlushDoor (220).png,flush
FlushDoor (221).png,flush
FlushDoor (226).png,flush
FlushDoor (227).png,flush
FlushDoor (230).png,flush
FlushDoor (239).png,flush
FlushDoor (241).png,flush
FlushDoor (242).png,flush
FlushDoor (251).png,flush
FlushDoor (252).png,flush
FlushDoor (253).png,flush
FlushDoor (254).png,flush
FlushDoor (255).png,flush
FlushDoor (257).png,flush
FlushDoor (259).png,flush
FlushDoor (260).png,flush
FlushDoor (261).png,flush
FlushDoor (265).png,flush
FlushDoor (266).png,flush
FlushDoor (267).png,flush
FlushDoor (268).png,flush
FlushDoor (269).png,flush
FlushDoor (271).png,flush
FlushDoor (273).png,flush
FlushDoor (275).png,flush
FlushDoor (276).png,flush
FlushDoor (279).png,flush
FlushDoor (282).png,flush
FlushDoor (284).png,flush
FlushDoor (286).png,flush
FlushDoor (288).png,flush
FlushDoor (291).png,flush
FlushDoor (292).png,flush
FlushDoor (293).png,flush
FlushDoor (294).png,flush
FlushDoor (295).png,flush
FlushDoor (297).png,flush
FlushDoor (308).png,flush
FlushDoor (309).png,flush
FlushDoor (310).png,flush
FlushDoor (312).png,flush
FlushDoor (313).png,flush
FlushDoor (316).png,flush
FlushDoor (317).png,flush
FlushDoor (320).png,flush
FlushDoor (324).png,flush
FlushDoor (326).png,flush
FlushDoor (327).png,flush
FlushDoor (328).png,flush
FlushDoor (329).png,flush
FlushDoor (339).png,flush
FlushDoor (340).png,flush
FlushDoor (344).png,flush
FlushDoor (345).png,flush
FlushDoor (348).png,flush
FlushDoor (353).png,flush
FlushDoor (354).png,flush
FlushDoor (356).png,flush
FlushDoor (359).png,flush
FlushDoor (363).png,flush
FlushDoor (365).png,flush
FlushDoor (368).png,flush
FlushDoor (370).png,flush
FlushDoor (372).png,flush
FlushDoor (374).png,flush
FlushDoor (378).png,flush
FlushDoor (383).png,flush
FlushDoor (387).png,flush
FlushDoor (390).png,flush
FlushDoor (391).png,flush
FlushDoor (393).png,flush
FlushDoor (400).png,flush
FrenchDoor (10).png,french
FrenchDoor (15).png,french
FrenchDoor (18).png,french
FrenchDoor (26).png,french
FrenchDoor (37).png,french
FrenchDoor (38).png,french
FrenchDoor (41).png,french
FrenchDoor (43).png,french
FrenchDoor (45).png,french
FrenchDoor (46).png,french
FrenchDoor (51).png,french
FrenchDoor (54).png,french
FrenchDoor (55).png,french
FrenchDoor (58).png,french
FrenchDoor (59).png,french
FrenchDoor (60).png,french
FrenchDoor (61).png,french
FrenchDoor (62).png,french
FrenchDoor (65).png,french
FrenchDoor (73).png,french
FrenchDoor (76).png,french
FrenchDoor (77).png,french
FrenchDoor (80).png,french
FrenchDoor (82).png,french
FrenchDoor (83).png,french
FrenchDoor (84).png,french
FrenchDoor (86).png,french
FrenchDoor (92).png,french
FrenchDoor (94).png,french
FrenchDoor (96).png,french
FrenchDoor (97).png,french
FrenchDoor (98).png,french
FrenchDoor (99).png,french
FrenchDoor (102).png,french
FrenchDoor (104).png,french
FrenchDoor (105).png,french
FrenchDoor (106).png,french
FrenchDoor (108).png,french
FrenchDoor (110).png,french
FrenchDoor (112).png,french
FrenchDoor (116).png,french
FrenchDoor (118).png,french
FrenchDoor (119).png,french
FrenchDoor (120).png,french
FrenchDoor (121).png,french
FrenchDoor (126).png,french
FrenchDoor (127).png,french
FrenchDoor (128).png,french
FrenchDoor (129).png,french
FrenchDoor (134).png,french
FrenchDoor (135).png,french
FrenchDoor (136).png,french
FrenchDoor (137).png,french
FrenchDoor (138).png,french
FrenchDoor (139).png,french
FrenchDoor (140).png,french
FrenchDoor (141).png,french
FrenchDoor (142).png,french
FrenchDoor (143).png,french
FrenchDoor (148).png,french
FrenchDoor (149).png,french
FrenchDoor (151).png,french
FrenchDoor (152).png,french
FrenchDoor (153).png,french
FrenchDoor (154).png,french
FrenchDoor (156).png,french
FrenchDoor (158).png,french
FrenchDoor (159).png,french
FrenchDoor (160).png,french
FrenchDoor (163).png,french
FrenchDoor (166).png,french
FrenchDoor (167).png,french
FrenchDoor (169).png,french
FrenchDoor (170).png,french
FrenchDoor (171).png,french
FrenchDoor (176).png,french
FrenchDoor (178).png,french
FrenchDoor (179).png,french
FrenchDoor (180).png,french
FrenchDoor (181).png,french
FrenchDoor (182).png,french
FrenchDoor (183).png,french
FrenchDoor (184).png,french
FrenchDoor (185).png,french
FrenchDoor (187).png,french
FrenchDoor (188).png,french
FrenchDoor (190).png,french
FrenchDoor (191).png,french
FrenchDoor (192).png,french
FrenchDoor (193).png,french
FrenchDoor (195).png,french
FrenchDoor (196).png,french
FrenchDoor (197).png,french
FrenchDoor (201).png,french
FrenchDoor (202).png,french
FrenchDoor (203).png,french
FrenchDoor (204).png,french
FrenchDoor (205).png,french
FrenchDoor (207).png,french
FrenchDoor (211).png,french
FrenchDoor (213).png,french
FrenchDoor (215).png,french
FrenchDoor (216).png,french
FrenchDoor (220).png,french
FrenchDoor (223).png,french
FrenchDoor (226).png,french
FrenchDoor (227).png,french
FrenchDoor (228).png,french
FrenchDoor (231).png,french
FrenchDoor (235).png,french
FrenchDoor (237).png,french
FrenchDoor (238).png,french
FrenchDoor (240).png,french
FrenchDoor (243).png,french
FrenchDoor (244).png,french
FrenchDoor (247).png,french
FrenchDoor (248).png,french
FrenchDoor (250).png,french
FrenchDoor (252).png,french
FrenchDoor (255).png,french
FrenchDoor (256).png,french
FrenchDoor (258).png,french
FrenchDoor (259).png,french
FrenchDoor (261).png,french
FrenchDoor (263).png,french
FrenchDoor (264).png,french
FrenchDoor (265).png,french
FrenchDoor (266).png,french
FrenchDoor (270).png,french
FrenchDoor (271).png,french
FrenchDoor (272).png,french
FrenchDoor (273).png,french
FrenchDoor (275).png,french
FrenchDoor (277).png,french
FrenchDoor (278).png,french
FrenchDoor (279).png,french
FrenchDoor (280).png,french
FrenchDoor (283).png,french
FrenchDoor (286).png,french
FrenchDoor (287).png,french
FrenchDoor (291).png,french
FrenchDoor (292).png,french
FrenchDoor (293).png,french
FrenchDoor (295).png,french
FrenchDoor (296).png,french
FrenchDoor (298).png,french
FrenchDoor (301).png,french
FrenchDoor (302).png,french
FrenchDoor (303).png,french
FrenchDoor (304).png,french
FrenchDoor (306).png,french
FrenchDoor (308).png,french
FrenchDoor (310).png,french
FrenchDoor (313).png,french
FrenchDoor (314).png,french
FrenchDoor (316).png,french
FrenchDoor (317).png,french
FrenchDoor (318).png,french
FrenchDoor (320).png,french
FrenchDoor (322).png,french
FrenchDoor (324).png,french
FrenchDoor (325).png,french
FrenchDoor (326).png,french
FrenchDoor (327).png,french
FrenchDoor (328).png,french
FrenchDoor (329).png,french
FrenchDoor (330).png,french
FrenchDoor (334).png,french
FrenchDoor (337).png,french
FrenchDoor (339).png,french
FrenchDoor (340).png,french
FrenchDoor (341).png,french
FrenchDoor (342).png,french
FrenchDoor (344).png,french
FrenchDoor (345).png,french
FrenchDoor (347).png,french
FrenchDoor (349).png,french
FrenchDoor (354).png,french
FrenchDoor (355).png,french
FrenchDoor (356).png,french
FrenchDoor (357).png,french
FrenchDoor (358).png,french
FrenchDoor (360).png,french
FrenchDoor (361).png,french
FrenchDoor (362).png,french
FrenchDoor (363).png,french
FrenchDoor (368).png,french
FrenchDoor (369).png,french
FrenchDoor (371).png,french
FrenchDoor (374).png,french
FrenchDoor (376).png,french
FrenchDoor (377).png,french
FrenchDoor (378).png,french
FrenchDoor (379).png,french
FrenchDoor (380).png,french
FrenchDoor (381).png,french
FrenchDoor (382).png,french
FrenchDoor (383).png,french
FrenchDoor (384).png,french
FrenchDoor (385).png,french
FrenchDoor (386).png,french
FrenchDoor (389).png,french
FrenchDoor (390).png,french
FrenchDoor (392).png,french
FrenchDoor (395).png,french
FrenchDoor (401).png,french
FrenchDoor (402).png,french
FrenchDoor (404).png,french
FrenchDoor (405).png,french
FrenchDoor (406).png,french
FrenchDoor (412).png,french
FrenchDoor (413).png,french
LedgedDoor (1).png,ledged
LedgedDoor (2).png,ledged
LedgedDoor (3).png,ledged
LedgedDoor (4).png,ledged
LedgedDoor (5).png,ledged
LedgedDoor (6).png,ledged
LedgedDoor (7).png,ledged
LedgedDoor (8).png,ledged
LedgedDoor (9).png,ledged
LedgedDoor (10).png,ledged
LedgedDoor (12).png,ledged
LedgedDoor (13).png,ledged
LedgedDoor (15).png,ledged
LedgedDoor (16).png,ledged
LedgedDoor (17).png,ledged
LedgedDoor (18).png,ledged
LedgedDoor (19).png,ledged
LedgedDoor (21).png,ledged
LedgedDoor (22).png,ledged
LedgedDoor (23).png,ledged
LedgedDoor (25).png,ledged
LedgedDoor (26).png,ledged
LedgedDoor (28).png,ledged
LedgedDoor (29).png,ledged
LedgedDoor (30).png,ledged
LedgedDoor (31).png,ledged
LedgedDoor (32).png,ledged
LedgedDoor (33).png,ledged
LedgedDoor (34).png,ledged
LedgedDoor (36).png,ledged
LedgedDoor (37).png,ledged
LedgedDoor (38).png,ledged
LedgedDoor (39).png,ledged
LedgedDoor (40).png,ledged
LedgedDoor (41).png,ledged
LedgedDoor (42).png,ledged
LedgedDoor (43).png,ledged
LedgedDoor (44).png,ledged
LedgedDoor (45).png,ledged
LedgedDoor (46).png,ledged
LedgedDoor (47).png,ledged
LedgedDoor (48).png,ledged
LedgedDoor (49).png,ledged
LedgedDoor (50).png,ledged
LedgedDoor (51).png,ledged
LedgedDoor (54).png,ledged
LedgedDoor (56).png,ledged
LedgedDoor (62).png,ledged
LedgedDoor (66).png,ledged
LedgedDoor (67).png,ledged
LedgedDoor (70).png,ledged
LedgedDoor (71).png,ledged
LedgedDoor (72).png,ledged
LedgedDoor (73).png,ledged
LedgedDoor (74).png,ledged
LedgedDoor (79).png,ledged
LedgedDoor (81).png,ledged
LedgedDoor (85).png,ledged
LedgedDoor (89).png,ledged
LedgedDoor (90).png,ledged
LedgedDoor (91).png,ledged
LedgedDoor (92).png,ledged
LedgedDoor (96).png,ledged
LedgedDoor (97).png,ledged
LedgedDoor (101).png,ledged
LedgedDoor (104).png,ledged
LedgedDoor (105).png,ledged
LedgedDoor (111).png,ledged
LedgedDoor (112).png,ledged
LedgedDoor (114).png,ledged
LedgedDoor (116).png,ledged
LedgedDoor (118).png,ledged
LedgedDoor (119).png,ledged
LedgedDoor (120).png,ledged
LedgedDoor (125).png,ledged
LedgedDoor (126).png,ledged
LedgedDoor (127).png,ledged
LedgedDoor (128).png,ledged
LedgedDoor (131).png,ledged
LedgedDoor (135).png,ledged
LedgedDoor (137).png,ledged
LedgedDoor (138).png,ledged
LedgedDoor (139).png,ledged
LedgedDoor (141).png,ledged
LedgedDoor (142).png,ledged
LedgedDoor (146).png,ledged
LedgedDoor (150).png,ledged
LedgedDoor (155).png,ledged
LedgedDoor (157).png,ledged
LedgedDoor (160).png,ledged
LedgedDoor (162).png,ledged
LedgedDoor (165).png,ledged
LedgedDoor (166).png,ledged
LedgedDoor (167).png,ledged
LedgedDoor (172).png,ledged
LedgedDoor (176).png,ledged
LedgedDoor (178).png,ledged
LedgedDoor (179).png,ledged
LedgedDoor (181).png,ledged
LedgedDoor (192).png,ledged
LedgedDoor (193).png,ledged
LedgedDoor (194).png,ledged
LedgedDoor (195).png,ledged
LedgedDoor (198).png,ledged
LedgedDoor (200).png,ledged
LedgedDoor (202).png,ledged
LedgedDoor (203).png,ledged
LedgedDoor (205).png,ledged
LedgedDoor (209).png,ledged
LedgedDoor (211).png,ledged
LedgedDoor (212).png,ledged
LedgedDoor (213).png,ledged
LedgedDoor (216).png,ledged
LedgedDoor (222).png,ledged
LedgedDoor (223).png,ledged
LedgedDoor (235).png,ledged
LedgedDoor (237).png,ledged
LedgedDoor (240).png,ledged
LedgedDoor (241).png,ledged
LedgedDoor (243).png,ledged
LedgedDoor (249).png,ledged
LedgedDoor (251).png,ledged
LedgedDoor (252).png,ledged
LedgedDoor (259).png,ledged
LedgedDoor (264).png,ledged
LedgedDoor (268).png,ledged
LedgedDoor (278).png,ledged
LedgedDoor (279).png,ledged
LedgedDoor (282).png,ledged
LedgedDoor (285).png,ledged
LedgedDoor (288).png,ledged
LedgedDoor (289).png,ledged
LedgedDoor (291).png,ledged
LedgedDoor (295).png,ledged
LedgedDoor (302).png,ledged
LedgedDoor (303).png,ledged
LedgedDoor (305).png,ledged
LedgedDoor (306).png,ledged
LedgedDoor (316).png,ledged
LedgedDoor (326).png,ledged
LedgedDoor (337).png,ledged
LedgedDoor (342).png,ledged
LedgedDoor (343).png,ledged
LedgedDoor (344).png,ledged
LedgedDoor (346).png,ledged
LedgedDoor (347).png,ledged
LedgedDoor (354).png,ledged
LedgedDoor (355).png,ledged
LedgedDoor (357).png,ledged
LedgedDoor (375).png,ledged
LedgedDoor (379).png,ledged
LedgedDoor (381).png,ledged
LedgedDoor (382).png,ledged
LedgedDoor (387).png,ledged
LouveredDoor (1).png,louvered
LouveredDoor (2).png,louvered
LouveredDoor (3).png,louvered
LouveredDoor (4).png,louvered
LouveredDoor (5).png,louvered
LouveredDoor (6).png,louvered
LouveredDoor (7).png,louvered
LouveredDoor (8).png,louvered
LouveredDoor (9).png,louvered
LouveredDoor (10).png,louvered
LouveredDoor (11).png,louvered
LouveredDoor (12).png,louvered
LouveredDoor (13).png,louvered
LouveredDoor (14).png,louvered
LouveredDoor (15).png,louvered
LouveredDoor (16).png,louvered
LouveredDoor (17).png,louvered
LouveredDoor (18).png,louvered
LouveredDoor (19).png,louvered
LouveredDoor (20).png,louvered
LouveredDoor (21).png,louvered
LouveredDoor (22).png,louvered
LouveredDoor (23).png,louvered
LouveredDoor (24).png,louvered
LouveredDoor (25).png,louvered
LouveredDoor (26).png,louvered
LouveredDoor (27).png,louvered
LouveredDoor (28).png,louvered
LouveredDoor (29).png,louvered
LouveredDoor (30).png,louvered
LouveredDoor (31).png,louvered
LouveredDoor (32).png,louvered
LouveredDoor (33).png,louvered
LouveredDoor (34).png,louvered
LouveredDoor (35).png,louvered
LouveredDoor (36).png,louvered
LouveredDoor (37).png,louvered
LouveredDoor (38).png,louvered
LouveredDoor (39).png,louvered
LouveredDoor (40).png,louvered
LouveredDoor (41).png,louvered
LouveredDoor (42).png,louvered
LouveredDoor (43).png,louvered
LouveredDoor (44).png,louvered
LouveredDoor (45).png,louvered
LouveredDoor (46).png,louvered
LouveredDoor (47).png,louvered
LouveredDoor (48).png,louvered
LouveredDoor (49).png,louvered
LouveredDoor (50).png,louvered
LouveredDoor (51).png,louvered
LouveredDoor (52).png,louvered
LouveredDoor (53).png,louvered
LouveredDoor (55).png,louvered
LouveredDoor (57).png,louvered
LouveredDoor (58).png,louvered
LouveredDoor (59).png,louvered
LouveredDoor (60).png,louvered
LouveredDoor (61).png,louvered
LouveredDoor (62).png,louvered
LouveredDoor (63).png,louvered
LouveredDoor (64).png,louvered
LouveredDoor (65).png,louvered
LouveredDoor (66).png,louvered
LouveredDoor (67).png,louvered
LouveredDoor (68).png,louvered
LouveredDoor (69).png,louvered
LouveredDoor (70).png,louvered
LouveredDoor (71).png,louvered
LouveredDoor (72).png,louvered
LouveredDoor (73).png,louvered
LouveredDoor (74).png,louvered
LouveredDoor (75).png,louvered
LouveredDoor (76).png,louvered
LouveredDoor (77).png,louvered
LouveredDoor (78).png,louvered
LouveredDoor (79).png,louvered
LouveredDoor (80).png,louvered
LouveredDoor (81).png,louvered
LouveredDoor (82).png,louvered
LouveredDoor (83).png,louvered
LouveredDoor (84).png,louvered
LouveredDoor (85).png,louvered
LouveredDoor (87).png,louvered
LouveredDoor (88).png,louvered
LouveredDoor (89).png,louvered
LouveredDoor (90).png,louvered
LouveredDoor (91).png,louvered
LouveredDoor (92).png,louvered
LouveredDoor (93).png,louvered
LouveredDoor (94).png,louvered
LouveredDoor (95).png,louvered
LouveredDoor (96).png,louvered
LouveredDoor (97).png,louvered
LouveredDoor (98).png,louvered
LouveredDoor (99).png,louvered
LouveredDoor (100).png,louvered
LouveredDoor (102).png,louvered
LouveredDoor (104).png,louvered
LouveredDoor (105).png,louvered
LouveredDoor (106).png,louvered
LouveredDoor (107).png,louvered
LouveredDoor (108).png,louvered
LouveredDoor (109).png,louvered
LouveredDoor (110).png,louvered
LouveredDoor (111).png,louvered
LouveredDoor (112).png,louvered
LouveredDoor (113).png,louvered
LouveredDoor (114).png,louvered
LouveredDoor (115).png,louvered
LouveredDoor (116).png,louvered
LouveredDoor (117).png,louvered
LouveredDoor (118).png,louvered
LouveredDoor (119).png,louvered
LouveredDoor (120).png,louvered
LouveredDoor (121).png,louvered
LouveredDoor (122).png,louvered
LouveredDoor (123).png,louvered
LouveredDoor (125).png,louvered
LouveredDoor (128).png,louvered
LouveredDoor (129).png,louvered
LouveredDoor (131).png,louvered
LouveredDoor (133).png,louvered
LouveredDoor (134).png,louvered
LouveredDoor (136).png,louvered
LouveredDoor (137).png,louvered
LouveredDoor (138).png,louvered
LouveredDoor (139).png,louvered
LouveredDoor (140).png,louvered
LouveredDoor (142).png,louvered
LouveredDoor (144).png,louvered
LouveredDoor (145).png,louvered
LouveredDoor (146).png,louvered
LouveredDoor (150).png,louvered
LouveredDoor (151).png,louvered
LouveredDoor (153).png,louvered
LouveredDoor (154).png,louvered
LouveredDoor (155).png,louvered
LouveredDoor (156).png,louvered
LouveredDoor (157).png,louvered
LouveredDoor (158).png,louvered
LouveredDoor (159).png,louvered
LouveredDoor (161).png,louvered
LouveredDoor (162).png,louvered
LouveredDoor (163).png,louvered
LouveredDoor (164).png,louvered
LouveredDoor (165).png,louvered
LouveredDoor (166).png,louvered
LouveredDoor (167).png,louvered
LouveredDoor (170).png,louvered
LouveredDoor (172).png,louvered
LouveredDoor (173).png,louvered
LouveredDoor (175).png,louvered
LouveredDoor (176).png,louvered
LouveredDoor (177).png,louvered
LouveredDoor (180).png,louvered
LouveredDoor (181).png,louvered
LouveredDoor (182).png,louvered
LouveredDoor (183).png,louvered
LouveredDoor (186).png,louvered
LouveredDoor (187).png,louvered
LouveredDoor (189).png,louvered
LouveredDoor (190).png,louvered
LouveredDoor (191).png,louvered
LouveredDoor (192).png,louvered
LouveredDoor (193).png,louvered
LouveredDoor (195).png,louvered
LouveredDoor (196).png,louvered
LouveredDoor (202).png,louvered
LouveredDoor (203).png,louvered
LouveredDoor (204).png,louvered
LouveredDoor (206).png,louvered
LouveredDoor (209).png,louvered
LouveredDoor (210).png,louvered
LouveredDoor (211).png,louvered
LouveredDoor (216).png,louvered
LouveredDoor (217).png,louvered
LouveredDoor (219).png,louvered
LouveredDoor (221).png,louvered
LouveredDoor (222).png,louvered
LouveredDoor (228).png,louvered
LouveredDoor (229).png,louvered
LouveredDoor (230).png,louvered
LouveredDoor (233).png,louvered
LouveredDoor (234).png,louvered
LouveredDoor (240).png,louvered
LouveredDoor (242).png,louvered
LouveredDoor (245).png,louvered
LouveredDoor (248).png,louvered
LouveredDoor (250).png,louvered
LouveredDoor (252).png,louvered
LouveredDoor (253).png,louvered
LouveredDoor (255).png,louvered
LouveredDoor (256).png,louvered
LouveredDoor (257).png,louvered
LouveredDoor (258).png,louvered
LouveredDoor (259).png,louvered
LouveredDoor (262).png,louvered
LouveredDoor (264).png,louvered
LouveredDoor (265).png,louvered
LouveredDoor (266).png,louvered
LouveredDoor (268).png,louvered
LouveredDoor (269).png,louvered
LouveredDoor (275).png,louvered
LouveredDoor (277).png,louvered
LouveredDoor (278).png,louvered
LouveredDoor (281).png,louvered
LouveredDoor (282).png,louvered
LouveredDoor (284).png,louvered
LouveredDoor (285).png,louvered
LouveredDoor (286).png,louvered
LouveredDoor (287).png,louvered
LouveredDoor (288).png,louvered
LouveredDoor (289).png,louvered
LouveredDoor (290).png,louvered
LouveredDoor (296).png,louvered
LouveredDoor (300).png,louvered
LouveredDoor (303).png,louvered
LouveredDoor (307).png,louvered
LouveredDoor (310).png,louvered
LouveredDoor (312).png,louvered
LouveredDoor (314).png,louvered
LouveredDoor (316).png,louvered
LouveredDoor (320).png,louvered
LouveredDoor (321).png,louvered
LouveredDoor (324).png,louvered
LouveredDoor (330).png,louvered
LouveredDoor (332).png,louvered
LouveredDoor (334).png,louvered
LouveredDoor (335).png,louvered
LouveredDoor (336).png,louvered
LouveredDoor (337).png,louvered
LouveredDoor (342).png,louvered
LouveredDoor (346).png,louvered
LouveredDoor (347).png,louvered
LouveredDoor (349).png,louvered
LouveredDoor (350).png,louvered
LouveredDoor (351).png,louvered
LouveredDoor (352).png,louvered
LouveredDoor (353).png,louvered
LouveredDoor (354).png,louvered
LouveredDoor (355).png,louvered
LouveredDoor (357).png,louvered
LouveredDoor (361).png,louvered
LouveredDoor (362).png,louvered
LouveredDoor (366).png,louvered
LouveredDoor (367).png,louvered
LouveredDoor (369).png,louvered
LouveredDoor (370).png,louvered
LouveredDoor (372).png,louvered
LouveredDoor (374).png,louvered
LouveredDoor (375).png,louvered
LouveredDoor (377).png,louvered
LouveredDoor (380).png,louvered
LouveredDoor (384).png,louvered
LouveredDoor (385).png,louvered
LouveredDoor (386).png,louvered
LouveredDoor (387).png,louvered
LouveredDoor (388).png,louvered
LouveredDoor (390).png,louvered
LouveredDoor (391).png,louvered
LouveredDoor (392).png,louvered
LouveredDoor (395).png,louvered
PanelledDoor (2).png,panelled
PanelledDoor (3).png,panelled
PanelledDoor (4).png,panelled
PanelledDoor (5).png,panelled
PanelledDoor (6).png,panelled
PanelledDoor (7).png,panelled
PanelledDoor (8).png,panelled
PanelledDoor (9).png,panelled
PanelledDoor (10).png,panelled
PanelledDoor (11).png,panelled
PanelledDoor (12).png,panelled
PanelledDoor (13).png,panelled
PanelledDoor (14).png,panelled
PanelledDoor (15).png,panelled
PanelledDoor (17).png,panelled
PanelledDoor (18).png,panelled
PanelledDoor (19).png,panelled
PanelledDoor (20).png,panelled
PanelledDoor (22).png,panelled
PanelledDoor (23).png,panelled
PanelledDoor (25).png,panelled
PanelledDoor (26).png,panelled
PanelledDoor (27).png,panelled
PanelledDoor (29).png,panelled
PanelledDoor (31).png,panelled
PanelledDoor (32).png,panelled
PanelledDoor (33).png,panelled
PanelledDoor (34).png,panelled
PanelledDoor (35).png,panelled
PanelledDoor (36).png,panelled
PanelledDoor (37).png,panelled
PanelledDoor (38).png,panelled
PanelledDoor (39).png,panelled
PanelledDoor (40).png,panelled
PanelledDoor (41).png,panelled
PanelledDoor (42).png,panelled
PanelledDoor (43).png,panelled
PanelledDoor (44).png,panelled
PanelledDoor (45).png,panelled
PanelledDoor (47).png,panelled
PanelledDoor (49).png,panelled
PanelledDoor (50).png,panelled
PanelledDoor (51).png,panelled
PanelledDoor (53).png,panelled
PanelledDoor (54).png,panelled
PanelledDoor (56).png,panelled
PanelledDoor (57).png,panelled
PanelledDoor (59).png,panelled
PanelledDoor (60).png,panelled
PanelledDoor (64).png,panelled
PanelledDoor (65).png,panelled
PanelledDoor (68).png,panelled
PanelledDoor (70).png,panelled
PanelledDoor (71).png,panelled
PanelledDoor (73).png,panelled
PanelledDoor (74).png,panelled
PanelledDoor (75).png,panelled
PanelledDoor (77).png,panelled
PanelledDoor (78).png,panelled
PanelledDoor (80).png,panelled
PanelledDoor (81).png,panelled
PanelledDoor (83).png,panelled
PanelledDoor (84).png,panelled
PanelledDoor (85).png,panelled
PanelledDoor (86).png,panelled
PanelledDoor (87).png,panelled
PanelledDoor (88).png,panelled
PanelledDoor (89).png,panelled
PanelledDoor (91).png,panelled
PanelledDoor (92).png,panelled
PanelledDoor (93).png,panelled
PanelledDoor (94).png,panelled
PanelledDoor (95).png,panelled
PanelledDoor (96).png,panelled
PanelledDoor (97).png,panelled
PanelledDoor (98).png,panelled
PanelledDoor (99).png,panelled
PanelledDoor (100).png,panelled
PanelledDoor (102).png,panelled
PanelledDoor (106).png,panelled
PanelledDoor (111).png,panelled
PanelledDoor (112).png,panelled
PanelledDoor (114).png,panelled
PanelledDoor (117).png,panelled
PanelledDoor (118).png,panelled
PanelledDoor (119).png,panelled
PanelledDoor (120).png,panelled
PanelledDoor (121).png,panelled
PanelledDoor (123).png,panelled
PanelledDoor (127).png,panelled
PanelledDoor (128).png,panelled
PanelledDoor (129).png,panelled
PanelledDoor (130).png,panelled
PanelledDoor (131).png,panelled
PanelledDoor (132).png,panelled
PanelledDoor (133).png,panelled
PanelledDoor (134).png,panelled
PanelledDoor (135).png,panelled
PanelledDoor (136).png,panelled
PanelledDoor (143).png,panelled
PanelledDoor (146).png,panelled
PanelledDoor (148).png,panelled
PanelledDoor (150).png,panelled
PanelledDoor (153).png,panelled
PanelledDoor (154).png,panelled
PanelledDoor (155).png,panelled
PanelledDoor (156).png,panelled
PanelledDoor (157).png,panelled
PanelledDoor (158).png,panelled
PanelledDoor (159).png,panelled
PanelledDoor (164).png,panelled
PanelledDoor (167).png,panelled
PanelledDoor (168).png,panelled
PanelledDoor (170).png,panelled
PanelledDoor (171).png,panelled
PanelledDoor (172).png,panelled
PanelledDoor (173).png,panelled
PanelledDoor (175).png,panelled
PanelledDoor (176).png,panelled
PanelledDoor (181).png,panelled
PanelledDoor (182).png,panelled
PanelledDoor (183).png,panelled
PanelledDoor (188).png,panelled
PanelledDoor (192).png,panelled
PanelledDoor (193).png,panelled
PanelledDoor (194).png,panelled
PanelledDoor (196).png,panelled
PanelledDoor (201).png,panelled
PanelledDoor (202).png,panelled
PanelledDoor (203).png,panelled
PanelledDoor (205).png,panelled
PanelledDoor (206).png,panelled
PanelledDoor (207).png,panelled
PanelledDoor (209).png,panelled
PanelledDoor (210).png,panelled
PanelledDoor (213).png,panelled
PanelledDoor (214).png,panelled
PanelledDoor (217).png,panelled
PanelledDoor (223).png,panelled
PanelledDoor (224).png,panelled
PanelledDoor (225).png,panelled
PanelledDoor (226).png,panelled
PanelledDoor (230).png,panelled
PanelledDoor (232).png,panelled
PanelledDoor (233).png,panelled
PanelledDoor (234).png,panelled
PanelledDoor (235).png,panelled
PanelledDoor (236).png,panelled
PanelledDoor (237).png,panelled
PanelledDoor (239).png,panelled
PanelledDoor (240).png,panelled
PanelledDoor (241).png,panelled
PanelledDoor (242).png,panelled
PanelledDoor (244).png,panelled
PanelledDoor (245).png,panelled
PanelledDoor (246).png,panelled
PanelledDoor (247).png,panelled
PanelledDoor (249).png,panelled
PanelledDoor (250).png,panelled
PanelledDoor (251).png,panelled
PanelledDoor (252).png,panelled
PanelledDoor (253).png,panelled
PanelledDoor (259).png,panelled
PanelledDoor (260).png,panelled
PanelledDoor (261).png,panelled
PanelledDoor (262).png,panelled
PanelledDoor (265).png,panelled
PanelledDoor (269).png,panelled
PanelledDoor (270).png,panelled
PanelledDoor (271).png,panelled
PanelledDoor (272).png,panelled
PanelledDoor (273).png,panelled
PanelledDoor (274).png,panelled
PanelledDoor (275).png,panelled
PanelledDoor (276).png,panelled
PanelledDoor (279).png,panelled
PanelledDoor (280).png,panelled
PanelledDoor (288).png,panelled
PanelledDoor (289).png,panelled
PanelledDoor (290).png,panelled
PanelledDoor (291).png,panelled
PanelledDoor (299).png,panelled
PanelledDoor (301).png,panelled
PanelledDoor (309).png,panelled
PanelledDoor (311).png,panelled
PanelledDoor (312).png,panelled
PanelledDoor (313).png,panelled
PanelledDoor (318).png,panelled
PanelledDoor (320).png,panelled
PanelledDoor (321).png,panelled
PanelledDoor (324).png,panelled
PanelledDoor (328).png,panelled
PanelledDoor (329).png,panelled
PanelledDoor (331).png,panelled
PanelledDoor (332).png,panelled
PanelledDoor (335).png,panelled
PanelledDoor (337).png,panelled
PanelledDoor (338).png,panelled
PanelledDoor (340).png,panelled
PanelledDoor (343).png,panelled
PanelledDoor (344).png,panelled
PanelledDoor (345).png,panelled
PanelledDoor (346).png,panelled
PanelledDoor (347).png,panelled
PanelledDoor (349).png,panelled
PanelledDoor (350).png,panelled
PanelledDoor (351).png,panelled
PanelledDoor (352).png,panelled
PanelledDoor (353).png,panelled
PanelledDoor (354).png,panelled
PanelledDoor (355).png,panelled
PanelledDoor (356).png,panelled
PanelledDoor (357).png,panelled
PanelledDoor (358).png,panelled
PanelledDoor (359).png,panelled
PanelledDoor (360).png,panelled
PanelledDoor (361).png,panelled
PanelledDoor (362).png,panelled
PanelledDoor (363).png,panelled
PanelledDoor (367).png,panelled
PanelledDoor (370).png,panelled
PanelledDoor (371).png,panelled
PanelledDoor (372).png,panelled
PanelledDoor (373).png,panelled
PanelledDoor (374).png,panelled
PanelledDoor (375).png,panelled
PanelledDoor (377).png,panelled
PanelledDoor (379).png,panelled
PanelledDoor (380).png,panelled
PanelledDoor (381).png,panelled
PanelledDoor (382).png,panelled
PanelledDoor (383).png,panelled
PanelledDoor (384).png,panelled
PanelledDoor (385).png,panelled
PanelledDoor (387).png,panelled
PanelledDoor (388).png,panelled
PanelledDoor (389).png,panelled
PanelledDoor (390).png,panelled
PanelledDoor (392).png,panelled
PanelledDoor (393).png,panelled
PanelledDoor (397).png,panelled
PanelledDoor (398).png,panelled