Image,French
N25674814.jpg,0
N309000254.jpg,0
N348587423.jpg,0
N516472798.jpg,0
N517952418.jpg,0
FrenchDoor (10).png,1
FrenchDoor (15).png,1
FrenchDoor (18).png,1
FrenchDoor (26).png,1
FrenchDoor (37).png,1
FrenchDoor (38).png,1
FrenchDoor (41).png,1
FrenchDoor (43).png,1
FrenchDoor (45).png,1
FrenchDoor (46).png,1
FrenchDoor (51).png,1
FrenchDoor (54).png,1
FrenchDoor (55).png,1
FrenchDoor (58).png,1
FrenchDoor (59).png,1
FrenchDoor (60).png,1
FrenchDoor (61).png,1
FrenchDoor (62).png,1
FrenchDoor (65).png,1
FrenchDoor (73).png,1
FrenchDoor (76).png,1
FrenchDoor (77).png,1
FrenchDoor (80).png,1
FrenchDoor (82).png,1
FrenchDoor (83).png,1
FrenchDoor (84).png,1
FrenchDoor (86).png,1
FrenchDoor (92).png,1
FrenchDoor (94).png,1
FrenchDoor (96).png,1
FrenchDoor (97).png,1
FrenchDoor (98).png,1
FrenchDoor (99).png,1
FrenchDoor (102).png,1
FrenchDoor (104).png,1
FrenchDoor (105).png,1
FrenchDoor (106).png,1
FrenchDoor (108).png,1
FrenchDoor (110).png,1
FrenchDoor (112).png,1
FrenchDoor (116).png,1
FrenchDoor (118).png,1
FrenchDoor (119).png,1
FrenchDoor (120).png,1
FrenchDoor (121).png,1
FrenchDoor (126).png,1
FrenchDoor (127).png,1
FrenchDoor (128).png,1
FrenchDoor (129).png,1
FrenchDoor (134).png,1
FrenchDoor (135).png,1
FrenchDoor (136).png,1
FrenchDoor (137).png,1
FrenchDoor (138).png,1
FrenchDoor (139).png,1
FrenchDoor (140).png,1
FrenchDoor (141).png,1
FrenchDoor (142).png,1
FrenchDoor (143).png,1
FrenchDoor (148).png,1
FrenchDoor (149).png,1
FrenchDoor (151).png,1
FrenchDoor (152).png,1
FrenchDoor (153).png,1
FrenchDoor (154).png,1
FrenchDoor (156).png,1
FrenchDoor (158).png,1
FrenchDoor (159).png,1
FrenchDoor (160).png,1
FrenchDoor (163).png,1
FrenchDoor (166).png,1
FrenchDoor (167).png,1
FrenchDoor (169).png,1
FrenchDoor (170).png,1
FrenchDoor (171).png,1
FrenchDoor (176).png,1
FrenchDoor (178).png,1
FrenchDoor (179).png,1
FrenchDoor (180).png,1
FrenchDoor (181).png,1
FrenchDoor (182).png,1
FrenchDoor (183).png,1
FrenchDoor (184).png,1
FrenchDoor (185).png,1
FrenchDoor (187).png,1
FrenchDoor (188).png,1
FrenchDoor (190).png,1
FrenchDoor (191).png,1
FrenchDoor (192).png,1
FrenchDoor (193).png,1
FrenchDoor (195).png,1
FrenchDoor (196).png,1
FrenchDoor (197).png,1
FrenchDoor (201).png,1
FrenchDoor (202).png,1
FrenchDoor (203).png,1
FrenchDoor (204).png,1
FrenchDoor (205).png,1
FrenchDoor (207).png,1
FrenchDoor (211).png,1
FrenchDoor (213).png,1
FrenchDoor (215).png,1
FrenchDoor (216).png,1
FrenchDoor (220).png,1
FrenchDoor (223).png,1
FrenchDoor (226).png,1
FrenchDoor (227).png,1
FrenchDoor (228).png,1
FrenchDoor (231).png,1
FrenchDoor (235).png,1
FrenchDoor (237).png,1
FrenchDoor (238).png,1
FrenchDoor (240).png,1
FrenchDoor (243).png,1
FrenchDoor (244).png,1
FrenchDoor (247).png,1
FrenchDoor (248).png,1
FrenchDoor (250).png,1
FrenchDoor (252).png,1
FrenchDoor (255).png,1
FrenchDoor (256).png,1
FrenchDoor (258).png,1
FrenchDoor (259).png,1
FrenchDoor (261).png,1
FrenchDoor (263).png,1
FrenchDoor (264).png,1
FrenchDoor (265).png,1
FrenchDoor (266).png,1
FrenchDoor (270).png,1
FrenchDoor (271).png,1
FrenchDoor (272).png,1
FrenchDoor (273).png,1
FrenchDoor (275).png,1
FrenchDoor (277).png,1
FrenchDoor (278).png,1
FrenchDoor (279).png,1
FrenchDoor (280).png,1
FrenchDoor (283).png,1
FrenchDoor (286).png,1
FrenchDoor (287).png,1
FrenchDoor (291).png,1
FrenchDoor (292).png,1
FrenchDoor (293).png,1
FrenchDoor (295).png,1
FrenchDoor (296).png,1
FrenchDoor (298).png,1
FrenchDoor (301).png,1
FrenchDoor (302).png,1
FrenchDoor (303).png,1
FrenchDoor (304).png,1
FrenchDoor (306).png,1
FrenchDoor (308).png,1
FrenchDoor (310).png,1
FrenchDoor (313).png,1
FrenchDoor (314).png,1
FrenchDoor (316).png,1
FrenchDoor (317).png,1
FrenchDoor (318).png,1
FrenchDoor (320).png,1
FrenchDoor (322).png,1
FrenchDoor (324).png,1
FrenchDoor (325).png,1
FrenchDoor (326).png,1
FrenchDoor (327).png,1
FrenchDoor (328).png,1
FrenchDoor (329).png,1
FrenchDoor (330).png,1
FrenchDoor (334).png,1
FrenchDoor (337).png,1
FrenchDoor (339).png,1
FrenchDoor (340).png,1
FrenchDoor (341).png,1
FrenchDoor (342).png,1
FrenchDoor (344).png,1
FrenchDoor (345).png,1
FrenchDoor (347).png,1
FrenchDoor (349).png,1
FrenchDoor (354).png,1
FrenchDoor (355).png,1
FrenchDoor (356).png,1
FrenchDoor (357).png,1
FrenchDoor (358).png,1
FrenchDoor (360).png,1
FrenchDoor (361).png,1
FrenchDoor (362).png,1
FrenchDoor (363).png,1
FrenchDoor (368).png,1
FrenchDoor (369).png,1
FrenchDoor (371).png,1
FrenchDoor (374).png,1
FrenchDoor (376).png,1
FrenchDoor (377).png,1
FrenchDoor (378).png,1
FrenchDoor (379).png,1
FrenchDoor (380).png,1
FrenchDoor (381).png,1
FrenchDoor (382).png,1
FrenchDoor (383).png,1
FrenchDoor (384).png,1
FrenchDoor (385).png,1
FrenchDoor (386).png,1
FrenchDoor (389).png,1
FrenchDoor (390).png,1
FrenchDoor (392).png,1
FrenchDoor (395).png,1
FrenchDoor (401).png,1
FrenchDoor (402).png,1
FrenchDoor (404).png,1
FrenchDoor (405).png,1
FrenchDoor (406).png,1
FrenchDoor (412).png,1
FrenchDoor (413).png,1
ModernDoor (6).png,0
ModernDoor (7).png,0
ModernDoor (8).png,0
ModernDoor (9).png,0
ModernDoor (10).png,0
ModernDoor (11).png,0
ModernDoor (13).png,0
ModernDoor (14).png,0
ModernDoor (15).png,0
ModernDoor (16).png,0
ModernDoor (17).png,0
ModernDoor (18).png,0
ModernDoor (19).png,0
ModernDoor (20).png,0
ModernDoor (22).png,0
ModernDoor (24).png,0
ModernDoor (25).png,0
ModernDoor (26).png,0
ModernDoor (27).png,0
ModernDoor (29).png,0
ModernDoor (31).png,0
ModernDoor (33).png,0
ModernDoor (34).png,0
ModernDoor (35).png,0
ModernDoor (37).png,0
ModernDoor (39).png,0
ModernDoor (40).png,0
ModernDoor (41).png,0
ModernDoor (42).png,0
ModernDoor (43).png,0
ModernDoor (45).png,0
ModernDoor (46).png,0
ModernDoor (47).png,0
ModernDoor (48).png,0
ModernDoor (51).png,0
ModernDoor (52).png,0
ModernDoor (53).png,0
ModernDoor (54).png,0
ModernDoor (56).png,0
ModernDoor (57).png,0
ModernDoor (58).png,0
ModernDoor (59).png,0
ModernDoor (60).png,0
ModernDoor (61).png,0
ModernDoor (62).png,0
ModernDoor (65).png,0
ModernDoor (66).png,0
ModernDoor (67).png,0
ModernDoor (68).png,0
ModernDoor (69).png,0
ModernDoor (70).png,0
ModernDoor (71).png,0
ModernDoor (73).png,0
ModernDoor (76).png,0
ModernDoor (77).png,0
ModernDoor (78).png,0
ModernDoor (79).png,0
ModernDoor (80).png,0
ModernDoor (82).png,0
ModernDoor (83).png,0
ModernDoor (85).png,0
ModernDoor (86).png,0
ModernDoor (87).png,0
ModernDoor (90).png,0
ModernDoor (93).png,0
ModernDoor (94).png,0
ModernDoor (96).png,0
ModernDoor (97).png,0
ModernDoor (99).png,0
ModernDoor (101).png,0
ModernDoor (103).png,0
ModernDoor (105).png,0
ModernDoor (107).png,0
ModernDoor (109).png,0
ModernDoor (110).png,0
ModernDoor (111).png,0
ModernDoor (112).png,0
ModernDoor (113).png,0
ModernDoor (116).png,0
ModernDoor (117).png,0
ModernDoor (119).png,0
ModernDoor (120).png,0
ModernDoor (121).png,0
ModernDoor (122).png,0
ModernDoor (123).png,0
ModernDoor (125).png,0
ModernDoor (126).png,0
ModernDoor (129).png,0
ModernDoor (131).png,0
ModernDoor (132).png,0
ModernDoor (133).png,0
ModernDoor (134).png,0
ModernDoor (135).png,0
ModernDoor (136).png,0
ModernDoor (137).png,0
ModernDoor (138).png,0
ModernDoor (139).png,0
ModernDoor (140).png,0
ModernDoor (141).png,0
ModernDoor (143).png,0
ModernDoor (145).png,0
ModernDoor (146).png,0
ModernDoor (147).png,0
ModernDoor (148).png,0
ModernDoor (150).png,0
ModernDoor (152).png,0
ModernDoor (153).png,0
ModernDoor (155).png,0
ModernDoor (156).png,0
ModernDoor (158).png,0
ModernDoor (159).png,0
ModernDoor (160).png,0
ModernDoor (161).png,0
ModernDoor (162).png,0
ModernDoor (164).png,0
ModernDoor (170).png,0
ModernDoor (171).png,0
ModernDoor (174).png,0
ModernDoor (176).png,0
ModernDoor (177).png,0
ModernDoor (178).png,0
ModernDoor (179).png,0
ModernDoor (181).png,0
ModernDoor (182).png,0
ModernDoor (183).png,0
ModernDoor (184).png,0
ModernDoor (185).png,0
ModernDoor (189).png,0
ModernDoor (190).png,0
ModernDoor (191).png,0
ModernDoor (192).png,0
ModernDoor (195).png,0
ModernDoor (197).png,0
ModernDoor (199).png,0
N2382.jpg,0
N2404.jpg,0
N2414.jpg,0
N2434.jpg,0
N2436.jpg,0
N2439.jpg,0
N2457.jpg,0
N2472.jpg,0
N2478.jpg,0
N2526.jpg,0
N2684.jpg,0
N2686.jpg,0
N2690.jpg,0
N2705.jpg,0
N2724.jpg,0
N2727.jpg,0
N2730.jpg,0
N3083.jpg,0
N3090.jpg,0
N3206.jpg,0
N3207.jpg,0
N3214.jpg,0
N3219.jpg,0
N3321.jpg,0
N3408.jpg,0
N3458.jpg,0
N3497.jpg,0
N3513.jpg,0
N3544.jpg,0
N3651.jpg,0
N3652.jpg,0
N3825.jpg,0
N3888.jpg,0
N3966.jpg,0
N3979.jpg,0
N4156.jpg,0
N4620.jpg,0
N4656.jpg,0
N4657.jpg,0
N4659.jpg,0
N4661.jpg,0
N4666.jpg,0
N4670.jpg,0
N4769.jpg,0
N4770.jpg,0
N4772.jpg,0
N4898.jpg,0
N5011.jpg,0
N5018.jpg,0
N5037.jpg,0
N5125.jpg,0
N5146.jpg,0
N5170.jpg,0
N5174.jpg,0
N5183.jpg,0
N5186.jpg,0
N5194.jpg,0
N5218.jpg,0
N5238.jpg,0
N5272.jpg,0
N5395.jpg,0
N24966736.jpg,0
N24971027.jpg,0