Image,Modern
OldFashionedDoor (345).png,0
OldFashionedDoor (348).png,0
OldFashionedDoor (352).png,0
OldFashionedDoor (353).png,0
OldFashionedDoor (357).png,0
OldFashionedDoor (358).png,0
OldFashionedDoor (363).png,0
OldFashionedDoor (367).png,0
OldFashionedDoor (370).png,0
OldFashionedDoor (372).png,0
OldFashionedDoor (373).png,0
OldFashionedDoor (375).png,0
OldFashionedDoor (377).png,0
OldFashionedDoor (378).png,0
ModernDoor (2).png,1
ModernDoor (6).png,1
ModernDoor (7).png,1
ModernDoor (8).png,1
ModernDoor (9).png,1
ModernDoor (11).png,1
ModernDoor (13).png,1
ModernDoor (14).png,1
ModernDoor (15).png,1
ModernDoor (16).png,1
ModernDoor (17).png,1
ModernDoor (18).png,1
ModernDoor (19).png,1
ModernDoor (20).png,1
ModernDoor (22).png,1
ModernDoor (24).png,1
ModernDoor (25).png,1
ModernDoor (26).png,1
ModernDoor (27).png,1
ModernDoor (29).png,1
ModernDoor (31).png,1
ModernDoor (33).png,1
ModernDoor (34).png,1
ModernDoor (35).png,1
ModernDoor (37).png,1
ModernDoor (39).png,1
ModernDoor (40).png,1
ModernDoor (41).png,1
ModernDoor (42).png,1
ModernDoor (43).png,1
ModernDoor (45).png,1
ModernDoor (46).png,1
ModernDoor (47).png,1
ModernDoor (48).png,1
ModernDoor (51).png,1
ModernDoor (52).png,1
ModernDoor (53).png,1
ModernDoor (54).png,1
ModernDoor (56).png,1
ModernDoor (57).png,1
ModernDoor (58).png,1
ModernDoor (59).png,1
ModernDoor (60).png,1
ModernDoor (61).png,1
ModernDoor (62).png,1
ModernDoor (65).png,1
ModernDoor (66).png,1
ModernDoor (67).png,1
ModernDoor (68).png,1
ModernDoor (69).png,1
ModernDoor (70).png,1
ModernDoor (71).png,1
ModernDoor (73).png,1
ModernDoor (76).png,1
ModernDoor (77).png,1
ModernDoor (78).png,1
ModernDoor (79).png,1
ModernDoor (80).png,1
ModernDoor (82).png,1
ModernDoor (83).png,1
ModernDoor (85).png,1
ModernDoor (86).png,1
ModernDoor (87).png,1
ModernDoor (90).png,1
ModernDoor (93).png,1
ModernDoor (94).png,1
ModernDoor (96).png,1
ModernDoor (97).png,1
ModernDoor (99).png,1
ModernDoor (101).png,1
ModernDoor (103).png,1
ModernDoor (105).png,1
ModernDoor (107).png,1
ModernDoor (109).png,1
ModernDoor (110).png,1
ModernDoor (111).png,1
ModernDoor (112).png,1
ModernDoor (113).png,1
ModernDoor (116).png,1
ModernDoor (117).png,1
ModernDoor (119).png,1
ModernDoor (120).png,1
ModernDoor (121).png,1
ModernDoor (122).png,1
ModernDoor (123).png,1
ModernDoor (125).png,1
ModernDoor (126).png,1
ModernDoor (129).png,1
ModernDoor (131).png,1
ModernDoor (132).png,1
ModernDoor (134).png,1
ModernDoor (136).png,1
ModernDoor (138).png,1
ModernDoor (139).png,1
ModernDoor (141).png,1
ModernDoor (143).png,1
ModernDoor (145).png,1
ModernDoor (147).png,1
ModernDoor (148).png,1
ModernDoor (150).png,1
ModernDoor (152).png,1
ModernDoor (153).png,1
ModernDoor (155).png,1
ModernDoor (156).png,1
ModernDoor (158).png,1
ModernDoor (160).png,1
ModernDoor (161).png,1
ModernDoor (162).png,1
ModernDoor (164).png,1
ModernDoor (170).png,1
ModernDoor (171).png,1
ModernDoor (174).png,1
ModernDoor (176).png,1
ModernDoor (177).png,1
ModernDoor (178).png,1
ModernDoor (179).png,1
ModernDoor (181).png,1
ModernDoor (182).png,1
ModernDoor (183).png,1
ModernDoor (184).png,1
ModernDoor (185).png,1
ModernDoor (189).png,1
ModernDoor (190).png,1
ModernDoor (191).png,1
ModernDoor (192).png,1
ModernDoor (195).png,1
ModernDoor (197).png,1
ModernDoor (199).png,1
ModernDoor (203).png,1
ModernDoor (204).png,1
ModernDoor (205).png,1
ModernDoor (206).png,1
ModernDoor (207).png,1
ModernDoor (208).png,1
ModernDoor (210).png,1
ModernDoor (211).png,1
ModernDoor (213).png,1
ModernDoor (215).png,1
ModernDoor (217).png,1
ModernDoor (218).png,1
ModernDoor (219).png,1
ModernDoor (222).png,1
ModernDoor (224).png,1
ModernDoor (225).png,1
ModernDoor (226).png,1
ModernDoor (227).png,1
ModernDoor (228).png,1
ModernDoor (229).png,1
ModernDoor (230).png,1
ModernDoor (232).png,1
ModernDoor (238).png,1
ModernDoor (239).png,1
ModernDoor (240).png,1
ModernDoor (241).png,1
ModernDoor (242).png,1
ModernDoor (243).png,1
ModernDoor (244).png,1
ModernDoor (245).png,1
ModernDoor (246).png,1
ModernDoor (248).png,1
ModernDoor (251).png,1
ModernDoor (252).png,1
ModernDoor (256).png,1
ModernDoor (257).png,1
ModernDoor (259).png,1
ModernDoor (260).png,1
ModernDoor (263).png,1
ModernDoor (266).png,1
ModernDoor (267).png,1
ModernDoor (269).png,1
ModernDoor (271).png,1
ModernDoor (274).png,1
ModernDoor (275).png,1
ModernDoor (276).png,1
ModernDoor (278).png,1
ModernDoor (280).png,1
ModernDoor (281).png,1
ModernDoor (284).png,1
ModernDoor (285).png,1
ModernDoor (286).png,1
ModernDoor (288).png,1
ModernDoor (290).png,1
ModernDoor (292).png,1
ModernDoor (293).png,1
ModernDoor (294).png,1
ModernDoor (295).png,1
ModernDoor (296).png,1
ModernDoor (297).png,1
ModernDoor (298).png,1
ModernDoor (299).png,1
ModernDoor (301).png,1
ModernDoor (303).png,1
ModernDoor (306).png,1
ModernDoor (308).png,1
ModernDoor (309).png,1
ModernDoor (310).png,1
ModernDoor (314).png,1
ModernDoor (315).png,1
ModernDoor (316).png,1
ModernDoor (317).png,1
ModernDoor (321).png,1
ModernDoor (322).png,1
ModernDoor (323).png,1
ModernDoor (324).png,1
ModernDoor (325).png,1
ModernDoor (330).png,1
ModernDoor (331).png,1
ModernDoor (332).png,1
ModernDoor (333).png,1
ModernDoor (334).png,1
ModernDoor (335).png,1
ModernDoor (336).png,1
ModernDoor (337).png,1
ModernDoor (338).png,1
ModernDoor (339).png,1
ModernDoor (340).png,1
ModernDoor (341).png,1
ModernDoor (342).png,1
ModernDoor (343).png,1
ModernDoor (344).png,1
ModernDoor (345).png,1
ModernDoor (346).png,1
ModernDoor (347).png,1
ModernDoor (351).png,1
ModernDoor (352).png,1
ModernDoor (353).png,1
ModernDoor (354).png,1
ModernDoor (355).png,1
ModernDoor (356).png,1
ModernDoor (359).png,1
ModernDoor (360).png,1
ModernDoor (361).png,1
ModernDoor (362).png,1
ModernDoor (363).png,1
ModernDoor (364).png,1
ModernDoor (365).png,1
ModernDoor (366).png,1
ModernDoor (367).png,1
ModernDoor (368).png,1
ModernDoor (369).png,1
ModernDoor (370).png,1
ModernDoor (371).png,1
ModernDoor (372).png,1
ModernDoor (373).png,1
ModernDoor (374).png,1
ModernDoor (375).png,1
ModernDoor (378).png,1
ModernDoor (380).png,1
ModernDoor (381).png,1
ModernDoor (382).png,1
ModernDoor (383).png,1
ModernDoor (386).png,1
ModernDoor (390).png,1
ModernDoor (391).png,1
ModernDoor (393).png,1
ModernDoor (395).png,1
ModernDoor (396).png,1
ModernDoor (397).png,1
ModernDoor (398).png,1
OldFashionedDoor (1).png,
OldFashionedDoor (2).png,0
OldFashionedDoor (3).png,0
OldFashionedDoor (4).png,0
OldFashionedDoor (5).png,0
OldFashionedDoor (6).png,0
OldFashionedDoor (7).png,0
OldFashionedDoor (8).png,0
OldFashionedDoor (9).png,0
OldFashionedDoor (10).png,0
OldFashionedDoor (11).png,0
OldFashionedDoor (12).png,0
OldFashionedDoor (13).png,0
OldFashionedDoor (14).png,0
OldFashionedDoor (15).png,0
OldFashionedDoor (16).png,0
OldFashionedDoor (17).png,0
OldFashionedDoor (18).png,0
OldFashionedDoor (19).png,0
OldFashionedDoor (20).png,0
OldFashionedDoor (21).png,0
OldFashionedDoor (23).png,0
OldFashionedDoor (24).png,0
OldFashionedDoor (25).png,0
OldFashionedDoor (26).png,0
OldFashionedDoor (27).png,0
OldFashionedDoor (28).png,0
OldFashionedDoor (29).png,0
OldFashionedDoor (30).png,0
OldFashionedDoor (31).png,0
OldFashionedDoor (32).png,0
OldFashionedDoor (34).png,0
OldFashionedDoor (35).png,0
OldFashionedDoor (36).png,0
OldFashionedDoor (37).png,0
OldFashionedDoor (38).png,0
OldFashionedDoor (40).png,0
OldFashionedDoor (48).png,0
OldFashionedDoor (49).png,0
OldFashionedDoor (52).png,0
OldFashionedDoor (56).png,0
OldFashionedDoor (59).png,0
OldFashionedDoor (60).png,0
OldFashionedDoor (61).png,0
OldFashionedDoor (62).png,0
OldFashionedDoor (64).png,0
OldFashionedDoor (66).png,0
OldFashionedDoor (68).png,0
OldFashionedDoor (69).png,0
OldFashionedDoor (73).png,0
OldFashionedDoor (77).png,0
OldFashionedDoor (79).png,0
OldFashionedDoor (80).png,0
OldFashionedDoor (83).png,0
OldFashionedDoor (85).png,0
OldFashionedDoor (86).png,0
OldFashionedDoor (88).png,0
OldFashionedDoor (89).png,0
OldFashionedDoor (90).png,0
OldFashionedDoor (91).png,0
OldFashionedDoor (93).png,0
OldFashionedDoor (94).png,0
OldFashionedDoor (98).png,0
OldFashionedDoor (99).png,0
OldFashionedDoor (100).png,0
OldFashionedDoor (101).png,0
OldFashionedDoor (103).png,0
OldFashionedDoor (104).png,0
OldFashionedDoor (105).png,0
OldFashionedDoor (106).png,0
OldFashionedDoor (107).png,0
OldFashionedDoor (108).png,0
OldFashionedDoor (110).png,0
OldFashionedDoor (111).png,0
OldFashionedDoor (114).png,0
OldFashionedDoor (115).png,0
OldFashionedDoor (117).png,0
OldFashionedDoor (118).png,0
OldFashionedDoor (122).png,0
OldFashionedDoor (123).png,0
OldFashionedDoor (128).png,0
OldFashionedDoor (129).png,0
OldFashionedDoor (131).png,0
OldFashionedDoor (132).png,0
OldFashionedDoor (134).png,0
OldFashionedDoor (135).png,0
OldFashionedDoor (136).png,0
OldFashionedDoor (138).png,0
OldFashionedDoor (139).png,0
OldFashionedDoor (140).png,0
OldFashionedDoor (143).png,0
OldFashionedDoor (144).png,0
OldFashionedDoor (145).png,0
OldFashionedDoor (149).png,0
OldFashionedDoor (155).png,0
OldFashionedDoor (156).png,0
OldFashionedDoor (157).png,0
OldFashionedDoor (158).png,0
OldFashionedDoor (159).png,0
OldFashionedDoor (160).png,0
OldFashionedDoor (163).png,0
OldFashionedDoor (169).png,0
OldFashionedDoor (171).png,0
OldFashionedDoor (172).png,0
OldFashionedDoor (173).png,0
OldFashionedDoor (174).png,0
OldFashionedDoor (176).png,0
OldFashionedDoor (179).png,0
OldFashionedDoor (182).png,0
OldFashionedDoor (184).png,0
OldFashionedDoor (185).png,0
OldFashionedDoor (186).png,0
OldFashionedDoor (188).png,0
OldFashionedDoor (190).png,0
OldFashionedDoor (193).png,0
OldFashionedDoor (197).png,0
OldFashionedDoor (199).png,0
OldFashionedDoor (200).png,0
OldFashionedDoor (207).png,0
OldFashionedDoor (211).png,0
OldFashionedDoor (212).png,0
OldFashionedDoor (213).png,0
OldFashionedDoor (214).png,0
OldFashionedDoor (215).png,0
OldFashionedDoor (222).png,0
OldFashionedDoor (228).png,0
OldFashionedDoor (234).png,0
OldFashionedDoor (235).png,0
OldFashionedDoor (244).png,0
OldFashionedDoor (247).png,0
OldFashionedDoor (248).png,0
OldFashionedDoor (249).png,0
OldFashionedDoor (250).png,0
OldFashionedDoor (265).png,0
OldFashionedDoor (267).png,0
OldFashionedDoor (280).png,0
OldFashionedDoor (294).png,0
OldFashionedDoor (299).png,0
OldFashionedDoor (307).png,0
OldFashionedDoor (315).png,0
OldFashionedDoor (316).png,0
OldFashionedDoor (319).png,0
OldFashionedDoor (321).png,0
OldFashionedDoor (325).png,0
OldFashionedDoor (327).png,0
OldFashionedDoor (334).png,0
OldFashionedDoor (335).png,0
OldFashionedDoor (342).png,0